{"cameraMode":{"drawMode":0,"name":"Shaded","section":"Shading Mode"},"sceneLighting":true,"audioPlay":false,"sceneViewState":{"m_AlwaysRefresh":false,"showFog":true,"showSkybox":true,"showFlares":true,"showImageEffects":true,"showParticleSystems":true,"showVisualEffectGraphs":true,"m_FxEnabled":true},"in2DMode":false,"pivot":{"x":1.6706087589263917,"y":-3.1691808700561525,"z":-0.22447943687438966},"rotation":{"x":0.7136152982711792,"y":0.17576861381530763,"z":-0.1982109099626541,"w":0.6489553451538086},"size":4.249614238739014,"orthographic":true}