{"cameraMode":{"drawMode":0,"name":"Shaded","section":"Shading Mode"},"sceneLighting":true,"audioPlay":false,"sceneViewState":{"m_AlwaysRefresh":false,"showFog":true,"showSkybox":true,"showFlares":true,"showImageEffects":true,"showParticleSystems":true,"showVisualEffectGraphs":true,"m_FxEnabled":true},"in2DMode":false,"pivot":{"x":8.867916107177735,"y":0.03972828388214111,"z":8.356048583984375},"rotation":{"x":0.3748135566711426,"y":0.07439017295837403,"z":-0.030197370797395707,"w":0.9236363172531128},"size":1.0699729919433594,"orthographic":false}