{"cameraMode":{"drawMode":0,"name":"Shaded","section":"Shading Mode"},"sceneLighting":true,"audioPlay":false,"sceneViewState":{"m_AlwaysRefresh":false,"showFog":true,"showSkybox":true,"showFlares":true,"showImageEffects":true,"showParticleSystems":true,"showVisualEffectGraphs":true,"m_FxEnabled":true},"in2DMode":false,"pivot":{"x":3.6043386459350588,"y":-1.9029607772827149,"z":-2.2059385776519777},"rotation":{"x":-0.17131680250167848,"y":-0.7837104201316834,"z":0.24609754979610444,"w":-0.5442071557044983},"size":5.257601261138916,"orthographic":true}